county,stateid,Total_Cases
Autauga,01,756
Baldwin,01,1518
Barbour,01,441
Bibb,01,242
Blount,01,389
Bullock,01,386
Butler,01,664
Calhoun,01,655
Chambers,01,718
Cherokee,01,145
Chilton,01,379
Choctaw,01,223
Clarke,01,340
Clay,01,94
Cleburne,01,62
Coffee,01,482
Colbert,01,623
Conecuh,01,258
Coosa,01,68
Covington,01,485
Crenshaw,01,147
Cullman,01,723
Dale,01,431
Dallas,01,1053
DeKalb,01,1155
Elmore,01,1143
Escambia,01,569
Etowah,01,1154
Fayette,01,96
Franklin,01,975
Geneva,01,110
Greene,01,202
Hale,01,380
Henry,01,167
Houston,01,699
Jackson,01,517
Jefferson,01,7540
Lamar,01,97
Lauderdale,01,667
Lawrence,01,162
Lee,01,1845
Limestone,01,731
Lowndes,01,502
Macon,01,241
Madison,01,2942
Marengo,01,383
Marion,01,359
Marshall,01,2149
Mobile,01,5375
Monroe,01,292
Montgomery,01,4783
Morgan,01,1506
Perry,01,273
Pickens,01,285
Pike,01,507
Randolph,01,292
Russell,01,770
St. Clair,01,688
Shelby,01,1923
Sumter,01,307
Talladega,01,485
Tallapoosa,01,676
Tuscaloosa,01,2861
Walker,01,1152
Washington,01,170
Wilcox,01,335
Winston,01,320
Aleutians East,02,0
Aleutians West,02,1
Anchorage,02,790
Bethel,02,16
Bristol Bay,02,0
Denali,02,0
Dillingham,02,0
Fairbanks North Star,02,267
Haines,02,2
Hoonah-Angoon,02,0
Juneau,02,53
Kenai Peninsula,02,209
Ketchikan Gateway,02,23
Kodiak Island,02,5
Kusilvak,02,2
Lake and Peninsula,02,0
Matanuska-Susitna,02,161
Nome,02,15
North Slope,02,5
Northwest Arctic,02,7
Petersburg,02,6
Prince of Wales-Hyder,02,2
Sitka,02,11
Skagway,02,0
Southeast Fairbanks,02,3
Valdez-Cordova,02,0
Wade Hampton,02,0
Wrangell,02,3
Yakutat,02,0
Yukon-Koyukuk,02,2
Apache,04,2644
Cochise,04,1131
Coconino,04,2532
Gila,04,479
Graham,04,221
Greenlee,04,38
La Paz,04,422
Maricopa,04,86483
Mohave,04,2045
Navajo,04,4529
Pima,04,12406
Pinal,04,6118
Santa Cruz,04,2226
Yavapai,04,1229
Yuma,04,8851
Arkansas,05,73
Ashley,05,114
Baxter,05,34
Benton,05,3598
Boone,05,66
Bradley,05,85
Calhoun,05,4
Carroll,05,239
Chicot,05,229
Clark,05,80
Clay,05,84
Cleburne,05,138
Cleveland,05,39
Columbia,05,114
Conway,05,103
Craighead,05,626
Crawford,05,296
Crittenden,05,893
Cross,05,103
Dallas,05,14
Desha,05,86
Drew,05,98
Faulkner,05,830
Franklin,05,34
Fulton,05,18
Garland,05,366
Grant,05,64
Greene,05,156
Hempstead,05,96
Hot Spring,05,1300
Howard,05,157
Independence,05,83
Izard,05,26
Jackson,05,43
Jefferson,05,917
Johnson,05,444
Lafayette,05,32
Lawrence,05,121
Lee,05,851
Lincoln,05,1052
Little River,05,54
Logan,05,91
Lonoke,05,218
Madison,05,223
Marion,05,14
Miller,05,293
Mississippi,05,357
Monroe,05,26
Montgomery,05,8
Nevada,05,112
Newton,05,13
Ouachita,05,37
Perry,05,36
Phillips,05,192
Pike,05,23
Poinsett,05,79
Polk,05,94
Pope,05,729
Prairie,05,39
Pulaski,05,3298
Randolph,05,83
St. Francis,05,926
Saline,05,521
Scott,05,18
Searcy,05,17
Sebastian,05,981
Sevier,05,822
Sharp,05,72
Stone,05,23
Union,05,284
Van Buren,05,37
Washington,05,4778
White,05,157
Woodruff,05,14
Yell,05,873
Alameda,06,8478
Alpine,06,2
Amador,06,48
Butte,06,437
Calaveras,06,75
Colusa,06,140
Contra Costa,06,5140
Del Norte,06,61
El Dorado,06,363
Fresno,06,8941
Glenn,06,190
Humboldt,06,175
Imperial,06,8145
Inyo,06,37
Kern,06,6921
Kings,06,3108
Lake,06,133
Lassen,06,35
Los Angeles,06,143009
Madera,06,1054
Marin,06,3120
Mariposa,06,35
Mendocino,06,165
Merced,06,2260
Modoc,06,0
Mono,06,54
Monterey,06,2835
Napa,06,561
Nevada,06,185
Orange,06,27031
Placer,06,1167
Plumas,06,14
Riverside,06,27371
Sacramento,06,6174
San Benito,06,408
San Bernardino,06,21468
San Diego,06,21446
San Francisco,06,4696
San Joaquin,06,7428
San Luis Obispo,06,1112
San Mateo,06,4254
Santa Barbara,06,4412
Santa Clara,06,6951
Santa Cruz,06,602
Shasta,06,215
Sierra,06,1
Siskiyou,06,44
Solano,06,2407
Sonoma,06,1941
Stanislaus,06,5517
Sutter,06,454
Tehama,06,126
Trinity,06,2
Tulare,06,6332
Tuolumne,06,80
Ventura,06,4619
Yolo,06,1023
Yuba,06,231
Adams,08,4916
Alamosa,08,204
Arapahoe,08,5789
Archuleta,08,13
Baca,08,14
Bent,08,5
Boulder,08,1578
Broomfield,08,352
Chaffee,08,123
Cheyenne,08,5
Clear Creek,08,21
Conejos,08,18
Costilla,08,22
Crowley,08,71
Custer,08,7
Delta,08,86
Denver,08,8098
Dolores,08,0
Douglas,08,1224
Eagle,08,795
Elbert,08,67
El Paso,08,3216
Fremont,08,47
Garfield,08,448
Gilpin,08,11
Grand,08,29
Gunnison,08,193
Hinsdale,08,3
Huerfano,08,5
Jackson,08,8
Jefferson,08,3118
Kiowa,08,0
Kit Carson,08,36
Lake,08,56
La Plata,08,146
Larimer,08,982
Las Animas,08,11
Lincoln,08,4
Logan,08,641
Mesa,08,162
Mineral,08,17
Moffat,08,16
Montezuma,08,84
Montrose,08,222
Morgan,08,663
Otero,08,23
Ouray,08,12
Park,08,33
Phillips,08,16
Pitkin,08,140
Prowers,08,39
Pueblo,08,458
Rio Blanco,08,6
Rio Grande,08,83
Routt,08,86
Saguache,08,103
San Juan,08,2
San Miguel,08,57
Sedgwick,08,3
Summit,08,294
Teller,08,65
Washington,08,46
Weld,08,3090
Yuma,08,55
Fairfield,09,16993
Hartford,09,11980
Litchfield,09,1517
Middlesex,09,1346
New Haven,09,12643
New London,09,1339
Tolland,09,937
Windham,09,639
Kent,10,1876
New Castle,10,5904
Sussex,10,5153
Washington,11,11076
Alachua,12,2322
Baker,12,187
Bay,12,1523
Bradford,12,161
Brevard,12,3722
Broward,12,34153
Calhoun,12,184
Charlotte,12,1281
Citrus,12,665
Clay,12,1641
Collier,12,6872
Columbia,12,929
DeSoto,12,997
Dixie,12,135
Duval,12,14152
Escambia,12,4745
Flagler,12,557
Franklin,12,47
Gadsden,12,687
Gilchrist,12,169
Glades,12,213
Gulf,12,109
Hamilton,12,444
Hardee,12,633
Hendry,12,1288
Hernando,12,987
Highlands,12,627
Hillsborough,12,21018
Holmes,12,258
Indian River,12,1386
Jackson,12,675
Jefferson,12,100
Lafayette,12,64
Lake,12,2882
Lee,12,10849
Leon,12,2606
Levy,12,296
Liberty,12,281
Madison,12,402
Manatee,12,5564
Marion,12,1938
Martin,12,2935
Miami-Dade,12,72317
Monroe,12,670
Nassau,12,600
Okaloosa,12,1532
Okeechobee,12,586
Orange,12,19909
Osceola,12,4751
Palm Beach,12,22788
Pasco,12,4363
Pinellas,12,12080
Polk,12,8206
Putnam,12,855
St. Johns,12,2079
St. Lucie,12,3209
Santa Rosa,12,1523
Sarasota,12,3447
Seminole,12,4665
Sumter,12,721
Suwannee,12,788
Taylor,12,158
Union,12,123
Volusia,12,4355
Wakulla,12,206
Walton,12,649
Washington,12,214
Appling,13,376
Atkinson,13,210
Bacon,13,317
Baker,13,45
Baldwin,13,701
Banks,13,166
Barrow,13,681
Bartow,13,1058
Ben Hill,13,244
Berrien,13,186
Bibb,13,1972
Bleckley,13,100
Brantley,13,152
Brooks,13,238
Bryan,13,300
Bulloch,13,699
Burke,13,232
Butts,13,352
Calhoun,13,170
Camden,13,320
Candler,13,103
Carroll,13,1145
Catoosa,13,371
Charlton,13,147
Chatham,13,2907
Chattahoochee,13,490
Chattooga,13,84
Cherokee,13,1868
Clarke,13,1045
Clay,13,64
Clayton,13,3060
Clinch,13,124
Cobb,13,7571
Coffee,13,967
Colquitt,13,1306
Columbia,13,1044
Cook,13,262
Coweta,13,927
Crawford,13,56
Crisp,13,322
Dade,13,79
Dawson,13,187
Decatur,13,337
DeKalb,13,8980
Dodge,13,155
Dooly,13,225
Dougherty,13,2195
Douglas,13,1545
Early,13,321
Echols,13,199
Effingham,13,360
Elbert,13,197
Emanuel,13,226
Evans,13,68
Fannin,13,137
Fayette,13,565
Floyd,13,784
Forsyth,13,1257
Franklin,13,272
Fulton,13,11746
Gilmer,13,311
Glascock,13,15
Glynn,13,1653
Gordon,13,598
Grady,13,258
Greene,13,136
Gwinnett,13,12217
Habersham,13,813
Hall,13,4012
Hancock,13,237
Haralson,13,120
Harris,13,477
Hart,13,125
Heard,13,90
Henry,13,1932
Houston,13,1060
Irwin,13,107
Jackson,13,559
Jasper,13,92
Jeff Davis,13,175
Jefferson,13,246
Jenkins,13,169
Johnson,13,141
Jones,13,152
Lamar,13,154
Lanier,13,172
Laurens,13,412
Lee,13,436
Liberty,13,302
Lincoln,13,76
Long,13,75
Lowndes,13,1997
Lumpkin,13,188
McDuffie,13,175
McIntosh,13,92
Macon,13,146
Madison,13,192
Marion,13,105
Meriwether,13,262
Miller,13,61
Mitchell,13,506
Monroe,13,261
Montgomery,13,65
Morgan,13,91
Murray,13,326
Muscogee,13,3061
Newton,13,1010
Oconee,13,257
Oglethorpe,13,122
Paulding,13,912
Peach,13,170
Pickens,13,130
Pierce,13,278
Pike,13,124
Polk,13,372
Pulaski,13,61
Putnam,13,229
Quitman,13,23
Rabun,13,97
Randolph,13,214
Richmond,13,1922
Rockdale,13,756
Schley,13,37
Screven,13,123
Seminole,13,61
Spalding,13,601
Stephens,13,375
Stewart,13,233
Sumter,13,642
Talbot,13,97
Taliaferro,13,2
Tattnall,13,210
Taylor,13,47
Telfair,13,193
Terrell,13,252
Thomas,13,620
Tift,13,1013
Toombs,13,354
Towns,13,71
Treutlen,13,51
Troup,13,1802
Turner,13,206
Twiggs,13,48
Union,13,123
Upson,13,393
Walker,13,389
Walton,13,591
Ware,13,734
Warren,13,36
Washington,13,205
Wayne,13,204
Webster,13,34
Wheeler,13,66
White,13,190
Whitfield,13,1978
Wilcox,13,144
Wilkes,13,124
Wilkinson,13,126
Worth,13,360
Hawaii,15,107
Honolulu,15,986
Kalawao,15,0
Kauai,15,43
Maui,15,135
Ada,16,4836
Adams,16,12
Bannock,16,163
Bear Lake,16,2
Benewah,16,29
Bingham,16,95
Blaine,16,554
Boise,16,12
Bonner,16,78
Bonneville,16,234
Boundary,16,8
Butte,16,0
Camas,16,1
Canyon,16,2555
Caribou,16,19
Cassia,16,341
Clark,16,0
Clearwater,16,7
Custer,16,6
Elmore,16,108
Franklin,16,33
Fremont,16,15
Gem,16,75
Gooding,16,92
Idaho,16,13
Jefferson,16,36
Jerome,16,326
Kootenai,16,793
Latah,16,38
Lemhi,16,4
Lewis,16,0
Lincoln,16,43
Madison,16,81
Minidoka,16,286
Nez Perce,16,116
Oneida,16,7
Owyhee,16,107
Payette,16,212
Power,16,20
Shoshone,16,13
Teton,16,38
Twin Falls,16,874
Valley,16,28
Washington,16,135
Adams,17,208
Alexander,17,26
Bond,17,21
Boone,17,641
Brown,17,10
Bureau,17,44
Calhoun,17,2
Carroll,17,21
Cass,17,140
Champaign,17,1089
Christian,17,53
Clark,17,45
Clay,17,8
Clinton,17,256
Coles,17,209
Cook,17,96662
Crawford,17,20
Cumberland,17,31
DeKalb,17,665
De Witt,17,18
Douglas,17,62
DuPage,17,9867
Edgar,17,20
Edwards,17,5
Effingham,17,35
Fayette,17,28
Ford,17,42
Franklin,17,54
Fulton,17,18
Gallatin,17,8
Greene,17,12
Grundy,17,202
Hamilton,17,7
Hancock,17,21
Hardin,17,2
Henderson,17,8
Henry,17,125
Iroquois,17,179
Jackson,17,366
Jasper,17,47
Jefferson,17,123
Jersey,17,48
Jo Daviess,17,57
Johnson,17,29
Kane,17,8218
Kankakee,17,1454
Kendall,17,1086
Knox,17,176
Lake,17,10561
LaSalle,17,286
Lawrence,17,13
Lee,17,110
Livingston,17,58
Logan,17,27
McDonough,17,110
McHenry,17,2347
McLean,17,340
Macon,17,259
Macoupin,17,75
Madison,17,1310
Marion,17,81
Marshall,17,13
Mason,17,29
Massac,17,17
Menard,17,33
Mercer,17,29
Monroe,17,171
Montgomery,17,90
Morgan,17,135
Moultrie,17,28
Ogle,17,325
Peoria,17,736
Perry,17,63
Piatt,17,21
Pike,17,8
Pope,17,2
Pulaski,17,86
Putnam,17,1
Randolph,17,337
Richland,17,10
Rock Island,17,1252
St. Clair,17,2436
Saline,17,20
Sangamon,17,587
Schuyler,17,14
Scott,17,1
Shelby,17,23
Stark,17,6
Stephenson,17,287
Tazewell,17,196
Union,17,215
Vermilion,17,96
Wabash,17,23
Warren,17,150
Washington,17,28
Wayne,17,19
White,17,17
Whiteside,17,224
Will,17,7436
Williamson,17,173
Winnebago,17,3215
Woodford,17,55
Adams,18,52
Allen,18,3013
Bartholomew,18,612
Benton,18,51
Blackford,18,41
Boone,18,501
Brown,18,46
Carroll,18,115
Cass,18,1655
Clark,18,736
Clay,18,67
Clinton,18,295
Crawford,18,35
Daviess,18,155
Dearborn,18,289
Decatur,18,257
DeKalb,18,171
Delaware,18,487
Dubois,18,365
Elkhart,18,3794
Fayette,18,109
Floyd,18,435
Fountain,18,38
Franklin,18,132
Fulton,18,81
Gibson,18,138
Grant,18,347
Greene,18,200
Hamilton,18,1800
Hancock,18,476
Harrison,18,221
Hendricks,18,1496
Henry,18,307
Howard,18,621
Huntington,18,94
Jackson,18,485
Jasper,18,142
Jay,18,72
Jefferson,18,98
Jennings,18,181
Johnson,18,1379
Knox,18,77
Kosciusko,18,598
LaGrange,18,491
Lake,18,5831
LaPorte,18,648
Lawrence,18,254
Madison,18,693
Marion,18,12276
Marshall,18,601
Martin,18,28
Miami,18,200
Monroe,18,385
Montgomery,18,299
Morgan,18,347
Newton,18,101
Noble,18,530
Ohio,18,23
Orange,18,140
Owen,18,54
Parke,18,28
Perry,18,164
Pike,18,16
Porter,18,873
Posey,18,75
Pulaski,18,66
Putnam,18,179
Randolph,18,81
Ripley,18,137
Rush,18,65
St. Joseph,18,2294
Scott,18,167
Shelby,18,464
Spencer,18,64
Starke,18,118
Steuben,18,141
Sullivan,18,58
Switzerland,18,31
Tippecanoe,18,802
Tipton,18,35
Union,18,17
Vanderburgh,18,905
Vermillion,18,20
Vigo,18,265
Wabash,18,123
Warren,18,16
Warrick,18,285
Washington,18,70
Wayne,18,167
Wells,18,85
White,18,283
Whitley,18,111
Adair,19,17
Adams,19,8
Allamakee,19,138
Appanoose,19,29
Audubon,19,17
Benton,19,80
Black Hawk,19,2551
Boone,19,174
Bremer,19,119
Buchanan,19,66
Buena Vista,19,1738
Butler,19,70
Calhoun,19,66
Carroll,19,118
Cass,19,29
Cedar,19,96
Cerro Gordo,19,347
Cherokee,19,85
Chickasaw,19,32
Clarke,19,145
Clay,19,152
Clayton,19,51
Clinton,19,145
Crawford,19,680
Dallas,19,1435
Davis,19,43
Decatur,19,13
Delaware,19,57
Des Moines,19,103
Dickinson,19,309
Dubuque,19,1027
Emmet,19,99
Fayette,19,63
Floyd,19,84
Franklin,19,117
Fremont,19,11
Greene,19,31
Grundy,19,48
Guthrie,19,82
Hamilton,19,207
Hancock,19,66
Hardin,19,92
Harrison,19,63
Henry,19,94
Howard,19,37
Humboldt,19,61
Ida,19,24
Iowa,19,63
Jackson,19,72
Jasper,19,360
Jefferson,19,63
Johnson,19,1507
Jones,19,77
Keokuk,19,23
Kossuth,19,44
Lee,19,54
Linn,19,1433
Louisa,19,368
Lucas,19,35
Lyon,19,63
Madison,19,57
Mahaska,19,121
Marion,19,85
Marshall,19,1110
Mills,19,53
Mitchell,19,48
Monona,19,78
Monroe,19,54
Montgomery,19,15
Muscatine,19,703
O'Brien,19,97
Osceola,19,70
Page,19,22
Palo Alto,19,53
Plymouth,19,356
Pocahontas,19,109
Polk,19,7698
Pottawattamie,19,842
Poweshiek,19,111
Ringgold,19,16
Sac,19,69
Scott,19,1130
Shelby,19,121
Sioux,19,516
Story,19,889
Tama,19,490
Taylor,19,81
Union,19,42
Van Buren,19,21
Wapello,19,715
Warren,19,339
Washington,19,254
Wayne,19,11
Webster,19,440
Winnebago,19,47
Winneshiek,19,53
Woodbury,19,3370
Worth,19,28
Wright,19,404
Allen,20,8
Anderson,20,18
Atchison,20,45
Barber,20,3
Barton,20,64
Bourbon,20,42
Brown,20,23
Butler,20,114
Chase,20,6
Chautauqua,20,5
Cherokee,20,57
Cheyenne,20,2
Clark,20,34
Clay,20,12
Cloud,20,26
Coffey,20,57
Comanche,20,3
Cowley,20,90
Crawford,20,328
Decatur,20,3
Dickinson,20,22
Doniphan,20,27
Douglas,20,490
Edwards,20,8
Elk,20,1
Ellis,20,67
Ellsworth,20,14
Finney,20,1613
Ford,20,2046
Franklin,20,99
Geary,20,126
Gove,20,2
Graham,20,8
Grant,20,59
Gray,20,36
Greeley,20,2
Greenwood,20,11
Hamilton,20,38
Harper,20,2
Harvey,20,99
Haskell,20,35
Hodgeman,20,10
Jackson,20,124
Jefferson,20,39
Jewell,20,4
Johnson,20,3370
Kearny,20,50
Kingman,20,5
Kiowa,20,3
Labette,20,76
Lane,20,5
Leavenworth,20,1264
Lincoln,20,4
Linn,20,19
Logan,20,2
Lyon,20,528
McPherson,20,98
Marion,20,26
Marshall,20,7
Meade,20,32
Miami,20,67
Mitchell,20,16
Montgomery,20,69
Morris,20,5
Morton,20,7
Nemaha,20,34
Neosho,20,46
Ness,20,5
Norton,20,20
Osage,20,30
Osborne,20,3
Ottawa,20,20
Pawnee,20,7
Phillips,20,34
Pottawatomie,20,95
Pratt,20,22
Rawlins,20,0
Reno,20,141
Republic,20,19
Rice,20,10
Riley,20,371
Rooks,20,9
Rush,20,4
Russell,20,2
Saline,20,222
Scott,20,19
Sedgwick,20,2595
Seward,20,1097
Shawnee,20,1092
Sheridan,20,7
Sherman,20,9
Smith,20,3
Stafford,20,2
Stanton,20,12
Stevens,20,36
Sumner,20,49
Thomas,20,19
Trego,20,3
Wabaunsee,20,38
Wallace,20,0
Washington,20,1
Wichita,20,0
Wilson,20,4
Woodson,20,9
Wyandotte,20,3391
Adair,21,151
Allen,21,195
Anderson,21,34
Ballard,21,22
Barren,21,137
Bath,21,22
Bell,21,121
Boone,21,763
Bourbon,21,48
Boyd,21,105
Boyle,21,50
Bracken,21,20
Breathitt,21,15
Breckinridge,21,31
Bullitt,21,184
Butler,21,268
Caldwell,21,36
Calloway,21,119
Campbell,21,343
Carlisle,21,13
Carroll,21,96
Carter,21,54
Casey,21,68
Christian,21,321
Clark,21,117
Clay,21,97
Clinton,21,9
Crittenden,21,13
Cumberland,21,8
Daviess,21,534
Edmonson,21,82
Elliott,21,5
Estill,21,7
Fayette,21,2001
Fleming,21,31
Floyd,21,43
Franklin,21,169
Fulton,21,29
Gallatin,21,69
Garrard,21,42
Grant,21,70
Graves,21,334
Grayson,21,152
Green,21,13
Greenup,21,45
Hancock,21,33
Hardin,21,299
Harlan,21,58
Harrison,21,86
Hart,21,50
Henderson,21,221
Henry,21,49
Hickman,21,8
Hopkins,21,321
Jackson,21,118
Jefferson,21,4709
Jessamine,21,154
Johnson,21,12
Kenton,21,927
Knott,21,23
Knox,21,113
Larue,21,24
Laurel,21,210
Lawrence,21,14
Lee,21,1
Leslie,21,12
Letcher,21,21
Lewis,21,24
Lincoln,21,61
Livingston,21,23
Logan,21,254
Lyon,21,24
McCracken,21,215
McCreary,21,19
McLean,21,29
Madison,21,221
Magoffin,21,7
Marion,21,70
Marshall,21,81
Martin,21,12
Mason,21,40
Meade,21,38
Menifee,21,14
Mercer,21,31
Metcalfe,21,17
Monroe,21,53
Montgomery,21,76
Morgan,21,20
Muhlenberg,21,552
Nelson,21,126
Nicholas,21,13
Ohio,21,234
Oldham,21,181
Owen,21,13
Owsley,21,3
Pendleton,21,23
Perry,21,106
Pike,21,129
Powell,21,15
Pulaski,21,134
Robertson,21,1
Rockcastle,21,34
Rowan,21,34
Russell,21,68
Scott,21,133
Shelby,21,580
Simpson,21,93
Spencer,21,53
Taylor,21,59
Todd,21,27
Trigg,21,31
Trimble,21,16
Union,21,33
Warren,21,1830
Washington,21,36
Wayne,21,26
Webster,21,57
Whitley,21,62
Wolfe,21,6
Woodford,21,91
Acadia,22,1510
Allen,22,514
Ascension,22,1710
Assumption,22,435
Avoyelles,22,549
Beauregard,22,385
Bienville,22,275
Bossier,22,1403
Caddo,22,4606
Calcasieu,22,3705
Caldwell,22,127
Cameron,22,117
Catahoula,22,218
Claiborne,22,156
Concordia,22,159
De Soto,22,461
East Baton Rouge,22,7606
East Carroll,22,463
East Feliciana,22,374
Evangeline,22,372
Franklin,22,580
Grant,22,142
Iberia,22,1472
Iberville,22,871
Jackson,22,247
Jefferson,22,11614
Jefferson Davis,22,680
Lafayette,22,4352
Lafourche,22,1721
La Salle,22,130
Lincoln,22,468
Livingston,22,1685
Madison,22,448
Morehouse,22,300
Natchitoches,22,443
Orleans,22,8946
Ouachita,22,3296
Plaquemines,22,327
Pointe Coupee,22,430
Rapides,22,2104
Red River,22,98
Richland,22,302
Sabine,22,242
St. Bernard,22,754
St. Charles,22,913
St. Helena,22,145
St. James,22,474
St. John the Baptist,22,1106
St. Landry,22,1243
St. Martin,22,1129
St. Mary,22,901
St. Tammany,22,3395
Tangipahoa,22,2081
Tensas,22,37
Terrebonne,22,1824
Union,22,488
Vermilion,22,655
Vernon,22,319
Washington,22,883
Webster,22,564
West Baton Rouge,22,427
West Carroll,22,173
West Feliciana,22,276
Winn,22,299
Androscoggin,23,507
Aroostook,23,25
Cumberland,23,1911
Franklin,23,41
Hancock,23,19
Kennebec,23,147
Knox,23,25
Lincoln,23,27
Oxford,23,48
Penobscot,23,126
Piscataquis,23,3
Sagadahoc,23,34
Somerset,23,31
Waldo,23,60
Washington,23,5
York,23,584
Allegany,24,222
Anne Arundel,24,5683
Baltimore,24,9153
Calvert,24,459
Caroline,24,347
Carroll,24,1228
Cecil,24,536
Charles,24,1552
Dorchester,24,219
Frederick,24,2635
Garrett,24,28
Harford,24,1325
Howard,24,2922
Kent,24,208
Montgomery,24,15986
Prince George's,24,20099
Queen Anne's,24,299
St. Mary's,24,730
Somerset,24,105
Talbot,24,207
Washington,24,739
Wicomico,24,1160
Worcester,24,339
Baltimore,24,8835
Barnstable,25,1593
Berkshire,25,615
Bristol,25,8558
Dukes,25,57
Essex,25,16564
Franklin,25,385
Hampden,25,7056
Hampshire,25,1012
Middlesex,25,24652
Nantucket,25,25
Norfolk,25,9560
Plymouth,25,8832
Suffolk,25,20411
Worcester,25,12724
Alcona,26,25
Alger,26,5
Allegan,26,400
Alpena,26,123
Antrim,26,27
Arenac,26,38
Baraga,26,5
Barry,26,140
Bay,26,442
Benzie,26,16
Berrien,26,1043
Branch,26,286
Calhoun,26,630
Cass,26,208
Charlevoix,26,42
Cheboygan,26,29
Chippewa,26,23
Clare,26,35
Clinton,26,305
Crawford,26,84
Delta,26,37
Dickinson,26,21
Eaton,26,360
Emmet,26,42
Genesee,26,2986
Gladwin,26,29
Gogebic,26,18
Grand Traverse,26,104
Gratiot,26,107
Hillsdale,26,212
Houghton,26,31
Huron,26,86
Ingham,26,1210
Ionia,26,221
Iosco,26,122
Iron,26,8
Isabella,26,174
Jackson,26,560
Kalamazoo,26,1268
Kalkaska,26,43
Kent,26,6061
Keweenaw,26,2
Lake,26,13
Lapeer,26,333
Leelanau,26,47
Lenawee,26,291
Livingston,26,629
Luce,26,3
Mackinac,26,9
Macomb,26,8037
Manistee,26,30
Marquette,26,98
Mason,26,80
Mecosta,26,42
Menominee,26,51
Midland,26,202
Missaukee,26,37
Monroe,26,693
Montcalm,26,129
Montmorency,26,7
Muskegon,26,958
Newaygo,26,204
Oakland,26,13022
Oceana,26,414
Ogemaw,26,46
Ontonagon,26,1
Osceola,26,52
Oscoda,26,23
Otsego,26,126
Ottawa,26,1366
Presque Isle,26,14
Roscommon,26,38
Saginaw,26,1457
St. Clair,26,622
St. Joseph,26,414
Sanilac,26,59
Schoolcraft,26,7
Shiawassee,26,285
Tuscola,26,244
Van Buren,26,286
Washtenaw,26,1993
Wayne,26,24525
Wexford,26,55
Aitkin,27,17
Anoka,27,2510
Becker,27,69
Beltrami,27,62
Benton,27,250
Big Stone,27,18
Blue Earth,27,629
Brown,27,53
Carlton,27,96
Carver,27,518
Cass,27,22
Chippewa,27,84
Chisago,27,113
Clay,27,632
Clearwater,27,14
Cook,27,1
Cottonwood,27,144
Crow Wing,27,119
Dakota,27,2852
Dodge,27,105
Douglas,27,83
Faribault,27,64
Fillmore,27,38
Freeborn,27,316
Goodhue,27,146
Grant,27,31
Hennepin,27,13948
Houston,27,32
Hubbard,27,12
Isanti,27,86
Itasca,27,79
Jackson,27,59
Kanabec,27,18
Kandiyohi,27,600
Kittson,27,2
Koochiching,27,26
Lac qui Parle,27,6
Lake,27,10
Lake of the Woods,27,0
Le Sueur,27,142
Lincoln,27,33
Lyon,27,364
McLeod,27,102
Mahnomen,27,13
Marshall,27,17
Martin,27,180
Meeker,27,67
Mille Lacs,27,41
Morrison,27,70
Mower,27,994
Murray,27,86
Nicollet,27,215
Nobles,27,1698
Norman,27,21
Olmsted,27,1336
Otter Tail,27,123
Pennington,27,55
Pine,27,115
Pipestone,27,97
Polk,27,90
Pope,27,19
Ramsey,27,5397
Red Lake,27,5
Redwood,27,25
Renville,27,37
Rice,27,898
Rock,27,35
Roseau,27,29
St. Louis,27,249
Scott,27,953
Sherburne,27,375
Sibley,27,59
Stearns,27,2575
Steele,27,266
Stevens,27,11
Swift,27,39
Todd,27,404
Traverse,27,8
Wabasha,27,46
Wadena,27,18
Waseca,27,82
Washington,27,1344
Watonwan,27,273
Wilkin,27,23
Winona,27,156
Wright,27,564
Yellow Medicine,27,34
Adams,28,392
Alcorn,28,123
Amite,28,124
Attala,28,394
Benton,28,58
Bolivar,28,463
Calhoun,28,187
Carroll,28,196
Chickasaw,28,313
Choctaw,28,79
Claiborne,28,322
Clarke,28,241
Clay,28,274
Coahoma,28,251
Copiah,28,696
Covington,28,458
DeSoto,28,2112
Forrest,28,1105
Franklin,28,60
George,28,131
Greene,28,125
Grenada,28,647
Hancock,28,162
Harrison,28,1260
Hinds,28,3188
Holmes,28,614
Humphreys,28,184
Issaquena,28,11
Itawamba,28,163
Jackson,28,828
Jasper,28,287
Jefferson,28,135
Jefferson Davis,28,130
Jones,28,1266
Kemper,28,189
Lafayette,28,536
Lamar,28,625
Lauderdale,28,983
Lawrence,28,203
Leake,28,664
Lee,28,662
Leflore,28,588
Lincoln,28,544
Lowndes,28,569
Madison,28,1589
Marion,28,363
Marshall,28,310
Monroe,28,491
Montgomery,28,197
Neshoba,28,1059
Newton,28,384
Noxubee,28,286
Oktibbeha,28,644
Panola,28,517
Pearl River,28,323
Perry,28,99
Pike,28,537
Pontotoc,28,406
Prentiss,28,134
Quitman,28,111
Rankin,28,1234
Scott,28,843
Sharkey,28,54
Simpson,28,480
Smith,28,263
Stone,28,85
Sunflower,28,565
Tallahatchie,28,239
Tate,28,431
Tippah,28,154
Tishomingo,28,125
Tunica,28,129
Union,28,266
Walthall,28,292
Warren,28,616
Washington,28,806
Wayne,28,588
Webster,28,136
Wilkinson,28,107
Winston,28,314
Yalobusha,28,216
Yazoo,28,584
Adair,29,103
Andrew,29,55
Atchison,29,6
Audrain,29,143
Barry,29,125
Barton,29,41
Bates,29,16
Benton,29,26
Bollinger,29,30
Boone,29,639
Buchanan,29,955
Butler,29,122
Caldwell,29,15
Callaway,29,64
Camden,29,92
Cape Girardeau,29,375
Carroll,29,41
Carter,29,8
Cass,29,225
Cedar,29,15
Chariton,29,7
Christian,29,90
Clark,29,2
Clay,29,589
Clinton,29,36
Cole,29,126
Cooper,29,32
Crawford,29,24
Dade,29,2
Dallas,29,22
Daviess,29,11
DeKalb,29,19
Dent,29,9
Douglas,29,17
Dunklin,29,138
Franklin,29,317
Gasconade,29,13
Gentry,29,68
Greene,29,517
Grundy,29,22
Harrison,29,33
Henry,29,27
Hickory,29,1
Holt,29,1
Howard,29,8
Howell,29,54
Iron,29,3
Jackson,29,4975
Jasper,29,1090
Jefferson,29,635
Johnson,29,279
Knox,29,2
Laclede,29,115
Lafayette,29,104
Lawrence,29,65
Lewis,29,8
Lincoln,29,127
Linn,29,22
Livingston,29,27
McDonald,29,757
Macon,29,32
Madison,29,7
Maries,29,6
Marion,29,38
Mercer,29,8
Miller,29,29
Mississippi,29,98
Moniteau,29,69
Monroe,29,7
Montgomery,29,23
Morgan,29,28
New Madrid,29,79
Newton,29,607
Nodaway,29,26
Oregon,29,9
Osage,29,15
Ozark,29,2
Pemiscot,29,141
Perry,29,176
Pettis,29,166
Phelps,29,52
Pike,29,44
Platte,29,173
Polk,29,23
Pulaski,29,146
Putnam,29,3
Ralls,29,10
Randolph,29,21
Ray,29,31
Reynolds,29,10
Ripley,29,22
St. Charles,29,1496
St. Clair,29,6
Ste. Genevieve,29,26
St. Francois,29,174
St. Louis,29,8082
Saline,29,324
Schuyler,29,5
Scotland,29,11
Scott,29,235
Shannon,29,29
Shelby,29,5
Stoddard,29,162
Stone,29,32
Sullivan,29,121
Taney,29,142
Texas,29,14
Vernon,29,38
Warren,29,65
Washington,29,28
Wayne,29,5
Webster,29,60
Worth,29,4
Wright,29,45
St. Louis,29,3009
Beaverhead,30,6
Big Horn,30,126
Blaine,30,0
Broadwater,30,9
Carbon,30,34
Carter,30,0
Cascade,30,51
Chouteau,30,0
Custer,30,38
Daniels,30,0
Dawson,30,8
Deer Lodge,30,6
Fallon,30,1
Fergus,30,2
Flathead,30,84
Gallatin,30,447
Garfield,30,1
Glacier,30,28
Golden Valley,30,3
Granite,30,6
Hill,30,14
Jefferson,30,12
Judith Basin,30,0
Lake,30,81
Lewis and Clark,30,59
Liberty,30,1
Lincoln,30,40
McCone,30,0
Madison,30,34
Meagher,30,4
Mineral,30,0
Missoula,30,130
Musselshell,30,1
Park,30,20
Petroleum,30,0
Phillips,30,0
Pondera,30,2
Powder River,30,0
Powell,30,0
Prairie,30,0
Ravalli,30,45
Richland,30,30
Roosevelt,30,8
Rosebud,30,14
Sanders,30,3
Sheridan,30,2
Silver Bow,30,25
Stillwater,30,9
Sweet Grass,30,0
Teton,30,15
Toole,30,31
Treasure,30,2
Valley,30,4
Wheatland,30,2
Wibaux,30,1
Yellowstone,30,560
Adams,31,315
Antelope,31,16
Arthur,31,0
Banner,31,2
Blaine,31,0
Boone,31,7
Box Butte,31,4
Boyd,31,1
Brown,31,0
Buffalo,31,221
Burt,31,16
Butler,31,53
Cass,31,99
Cedar,31,19
Chase,31,1
Cherry,31,3
Cheyenne,31,21
Clay,31,34
Colfax,31,682
Cuming,31,39
Custer,31,40
Dakota,31,1861
Dawes,31,4
Dawson,31,878
Deuel,31,1
Dixon,31,56
Dodge,31,716
Douglas,31,8357
Dundy,31,0
Fillmore,31,20
Franklin,31,8
Frontier,31,2
Furnas,31,10
Gage,31,69
Garden,31,4
Garfield,31,3
Gosper,31,13
Grant,31,0
Greeley,31,5
Hall,31,1634
Hamilton,31,73
Harlan,31,1
Hayes,31,0
Hitchcock,31,1
Holt,31,4
Hooker,31,2
Howard,31,50
Jefferson,31,11
Johnson,31,8
Kearney,31,18
Keith,31,7
Keya Paha,31,0
Kimball,31,13
Knox,31,26
Lancaster,31,2266
Lincoln,31,63
Logan,31,0
Loup,31,0
McPherson,31,3
Madison,31,387
Merrick,31,39
Morrill,31,53
Nance,31,6
Nemaha,31,6
Nuckolls,31,4
Otoe,31,29
Pawnee,31,1
Perkins,31,0
Phelps,31,27
Pierce,31,13
Platte,31,702
Polk,31,13
Red Willow,31,8
Richardson,31,10
Rock,31,2
Saline,31,549
Sarpy,31,1443
Saunders,31,98
Scotts Bluff,31,245
Seward,31,54
Sheridan,31,8
Sherman,31,5
Sioux,31,5
Stanton,31,21
Thayer,31,16
Thomas,31,1
Thurston,31,179
Valley,31,9
Washington,31,66
Wayne,31,34
Webster,31,9
Wheeler,31,0
York,31,54
Churchill,32,31
Clark,32,25611
Douglas,32,94
Elko,32,274
Esmeralda,32,0
Eureka,32,1
Humboldt,32,90
Lander,32,45
Lincoln,32,2
Lyon,32,149
Mineral,32,8
Nye,32,193
Pershing,32,13
Storey,32,2
Washoe,32,3810
White Pine,32,9
Carson,32,229
Belknap,33,93
Carroll,33,69
Cheshire,33,78
Coos,33,11
Grafton,33,96
Hillsborough,33,3455
Merrimack,33,434
Rockingham,33,1534
Strafford,33,306
Sullivan,33,37
Atlantic,34,3060
Bergen,34,19927
Burlington,34,5419
Camden,34,7775
Cape May,34,744
Cumberland,34,3068
Essex,34,19100
Gloucester,34,2797
Hudson,34,19219
Hunterdon,34,1098
Mercer,34,7815
Middlesex,34,17119
Monmouth,34,9605
Morris,34,6926
Ocean,34,9890
Passaic,34,17127
Salem,34,821
Somerset,34,5057
Sussex,34,1236
Union,34,16297
Warren,34,1267
Bernalillo,35,3362
Catron,35,3
Chaves,35,186
Cibola,35,256
Colfax,35,10
Curry,35,271
De Baca,35,0
Dona Ana,35,1571
Eddy,35,154
Grant,35,44
Guadalupe,35,20
Harding,35,1
Hidalgo,35,75
Lea,35,299
Lincoln,35,29
Los Alamos,35,13
Luna,35,133
McKinley,35,3689
Mora,35,2
Otero,35,84
Quay,35,19
Rio Arriba,35,147
Roosevelt,35,83
Sandoval,35,867
San Juan,35,2766
San Miguel,35,28
Santa Fe,35,380
Sierra,35,17
Socorro,35,65
Taos,35,61
Torrance,35,49
Union,35,14
Valencia,35,206
Albany,36,2280
Allegany,36,69
Bronx,36,48496
Broome,36,852
Cattaraugus,36,141
Cayuga,36,128
Chautauqua,36,186
Chemung,36,151
Chenango,36,175
Clinton,36,111
Columbia,36,489
Cortland,36,61
Delaware,36,92
Dutchess,36,4337
Erie,36,7891
Essex,36,51
Franklin,36,37
Fulton,36,266
Genesee,36,254
Greene,36,271
Hamilton,36,6
Herkimer,36,197
Jefferson,36,100
Kings,36,61012
Lewis,36,32
Livingston,36,151
Madison,36,376
Monroe,36,4281
Montgomery,36,141
Nassau,36,42462
New York,36,29442
Niagara,36,1356
Oneida,36,1860
Onondaga,36,3203
Ontario,36,312
Orange,36,10878
Orleans,36,288
Oswego,36,226
Otsego,36,91
Putnam,36,1382
Queens,36,66643
Rensselaer,36,632
Richmond,36,14389
Rockland,36,13743
St. Lawrence,36,234
Saratoga,36,623
Schenectady,36,891
Schoharie,36,62
Schuyler,36,15
Seneca,36,76
Steuben,36,279
Suffolk,36,42267
Sullivan,36,1467
Tioga,36,163
Tompkins,36,198
Ulster,36,1888
Warren,36,284
Washington,36,250
Wayne,36,221
Westchester,36,35394
Wyoming,36,103
Yates,36,50
Alamance,37,1535
Alexander,37,186
Alleghany,37,44
Anson,37,218
Ashe,37,67
Avery,37,36
Beaufort,37,163
Bertie,37,161
Bladen,37,457
Brunswick,37,853
Buncombe,37,957
Burke,37,1245
Cabarrus,37,1754
Caldwell,37,685
Camden,37,42
Carteret,37,152
Caswell,37,156
Catawba,37,1327
Chatham,37,1072
Cherokee,37,91
Chowan,37,39
Clay,37,16
Cleveland,37,558
Columbus,37,650
Craven,37,483
Cumberland,37,1729
Currituck,37,33
Dare,37,123
Davidson,37,1296
Davie,37,259
Duplin,37,1720
Durham,37,4733
Edgecombe,37,409
Forsyth,37,3850
Franklin,37,533
Gaston,37,2003
Gates,37,30
Graham,37,10
Granville,37,974
Greene,37,238
Guilford,37,3840
Halifax,37,433
Harnett,37,815
Haywood,37,142
Henderson,37,982
Hertford,37,181
Hoke,37,482
Hyde,37,31
Iredell,37,1195
Jackson,37,221
Johnston,37,2218
Jones,37,39
Lee,37,952
Lenoir,37,439
Lincoln,37,473
McDowell,37,339
Macon,37,337
Madison,37,18
Martin,37,173
Mecklenburg,37,15950
Mitchell,37,57
Montgomery,37,417
Moore,37,653
Nash,37,686
New Hanover,37,1594
Northampton,37,200
Onslow,37,454
Orange,37,1015
Pamlico,37,39
Pasquotank,37,258
Pender,37,425
Perquimans,37,40
Person,37,135
Pitt,37,1000
Polk,37,101
Randolph,37,1580
Richmond,37,375
Robeson,37,1731
Rockingham,37,322
Rowan,37,1578
Rutherford,37,422
Sampson,37,1228
Scotland,37,177
Stanly,37,597
Stokes,37,176
Surry,37,604
Swain,37,73
Transylvania,37,61
Tyrrell,37,62
Union,37,1942
Vance,37,593
Wake,37,7971
Warren,37,193
Washington,37,54
Watauga,37,142
Wayne,37,2039
Wilkes,37,640
Wilson,37,1024
Yadkin,37,395
Yancey,37,63
Adams,38,0
Barnes,38,25
Benson,38,16
Billings,38,1
Bottineau,38,7
Bowman,38,1
Burke,38,7
Burleigh,38,478
Cass,38,2522
Cavalier,38,18
Dickey,38,6
Divide,38,1
Dunn,38,26
Eddy,38,5
Emmons,38,5
Foster,38,3
Golden Valley,38,1
Grand Forks,38,462
Grant,38,4
Griggs,38,2
Hettinger,38,2
Kidder,38,4
LaMoure,38,14
Logan,38,1
McHenry,38,9
McIntosh,38,8
McKenzie,38,43
McLean,38,12
Mercer,38,9
Morton,38,140
Mountrail,38,84
Nelson,38,2
Oliver,38,2
Pembina,38,15
Pierce,38,8
Ramsey,38,23
Ransom,38,21
Renville,38,7
Richland,38,47
Rolette,38,12
Sargent,38,8
Sheridan,38,2
Sioux,38,39
Slope,38,3
Stark,38,103
Steele,38,4
Stutsman,38,69
Towner,38,3
Traill,38,28
Walsh,38,65
Ward,38,78
Wells,38,11
Williams,38,99
Adams,39,30
Allen,39,399
Ashland,39,87
Ashtabula,39,453
Athens,39,220
Auglaize,39,113
Belmont,39,572
Brown,39,64
Butler,39,1975
Carroll,39,72
Champaign,39,61
Clark,39,840
Clermont,39,552
Clinton,39,97
Columbiana,39,1411
Coshocton,39,155
Crawford,39,140
Cuyahoga,39,9784
Darke,39,262
Defiance,39,58
Delaware,39,806
Erie,39,317
Fairfield,39,773
Fayette,39,58
Franklin,39,12823
Fulton,39,72
Gallia,39,24
Geauga,39,447
Greene,39,385
Guernsey,39,83
Hamilton,39,7279
Hancock,39,98
Hardin,39,126
Harrison,39,13
Henry,39,38
Highland,39,58
Hocking,39,90
Holmes,39,267
Huron,39,271
Jackson,39,33
Jefferson,39,135
Knox,39,61
Lake,39,661
Lawrence,39,97
Licking,39,640
Logan,39,75
Lorain,39,1226
Lucas,39,3162
Madison,39,233
Mahoning,39,2007
Marion,39,2759
Medina,39,633
Meigs,39,15
Mercer,39,307
Miami,39,536
Monroe,39,89
Montgomery,39,2724
Morgan,39,13
Morrow,39,130
Muskingum,39,110
Noble,39,14
Ottawa,39,235
Paulding,39,38
Perry,39,52
Pickaway,39,2246
Pike,39,31
Portage,39,518
Preble,39,97
Putnam,39,148
Richland,39,403
Ross,39,158
Sandusky,39,186
Scioto,39,87
Seneca,39,44
Shelby,39,77
Stark,39,1271
Summit,39,2459
Trumbull,39,1084
Tuscarawas,39,641
Union,39,128
Van Wert,39,51
Vinton,39,24
Warren,39,1098
Washington,39,153
Wayne,39,384
Williams,39,78
Wood,39,519
Wyandot,39,68
Adair,40,160
Alfalfa,40,1
Atoka,40,42
Beaver,40,32
Beckham,40,25
Blaine,40,22
Bryan,40,199
Caddo,40,214
Canadian,40,594
Carter,40,203
Cherokee,40,138
Choctaw,40,131
Cimarron,40,1
Cleveland,40,1526
Coal,40,12
Comanche,40,570
Cotton,40,13
Craig,40,29
Creek,40,231
Custer,40,93
Delaware,40,270
Dewey,40,4
Ellis,40,2
Garfield,40,138
Garvin,40,140
Grady,40,264
Grant,40,3
Greer,40,71
Harmon,40,4
Harper,40,2
Haskell,40,19
Hughes,40,16
Jackson,40,128
Jefferson,40,19
Johnston,40,21
Kay,40,133
Kingfisher,40,54
Kiowa,40,18
Latimer,40,25
Le Flore,40,75
Lincoln,40,49
Logan,40,111
Love,40,49
McClain,40,271
McCurtain,40,651
McIntosh,40,88
Major,40,16
Marshall,40,49
Mayes,40,148
Murray,40,28
Muskogee,40,228
Noble,40,55
Nowata,40,41
Okfuskee,40,20
Oklahoma,40,5591
Okmulgee,40,196
Osage,40,228
Ottawa,40,190
Pawnee,40,75
Payne,40,493
Pittsburg,40,83
Pontotoc,40,93
Pottawatomie,40,178
Pushmataha,40,35
Roger Mills,40,0
Rogers,40,368
Seminole,40,80
Sequoyah,40,73
Stephens,40,102
Texas,40,1007
Tillman,40,27
Tulsa,40,5626
Wagoner,40,410
Washington,40,474
Washita,40,12
Woods,40,11
Woodward,40,15
Baker,41,13
Benton,41,117
Clackamas,41,1051
Clatsop,41,56
Columbia,41,59
Coos,41,58
Crook,41,20
Curry,41,9
Deschutes,41,288
Douglas,41,70
Gilliam,41,2
Grant,41,1
Harney,41,2
Hood River,41,109
Jackson,41,196
Jefferson,41,171
Josephine,41,65
Klamath,41,141
Lake,41,24
Lane,41,324
Lincoln,41,362
Linn,41,186
Malheur,41,449
Marion,41,1975
Morrow,41,165
Multnomah,41,3095
Polk,41,184
Sherman,41,5
Tillamook,41,20
Umatilla,41,1141
Union,41,376
Wallowa,41,15
Wasco,41,121
Washington,41,1994
Wheeler,41,0
Yamhill,41,217
Adams,42,399
Allegheny,42,5610
Armstrong,42,94
Beaver,42,884
Bedford,42,94
Berks,42,4744
Blair,42,113
Bradford,42,61
Bucks,42,6189
Butler,42,444
Cambria,42,143
Cameron,42,5
Carbon,42,306
Centre,42,262
Chester,42,4108
Clarion,42,66
Clearfield,42,96
Clinton,42,100
Columbia,42,424
Crawford,42,101
Cumberland,42,982
Dauphin,42,2325
Delaware,42,7651
Elk,42,31
Erie,42,747
Fayette,42,220
Forest,42,7
Franklin,42,1019
Fulton,42,19
Greene,42,75
Huntingdon,42,263
Indiana,42,168
Jefferson,42,41
Juniata,42,116
Lackawanna,42,1771
Lancaster,42,4906
Lawrence,42,207
Lebanon,42,1476
Lehigh,42,4465
Luzerne,42,3036
Lycoming,42,252
McKean,42,20
Mercer,42,203
Mifflin,42,74
Monroe,42,1482
Montgomery,42,8972
Montour,42,81
Northampton,42,3582
Northumberland,42,352
Perry,42,96
Philadelphia,42,23263
Pike,42,508
Potter,42,19
Schuylkill,42,782
Snyder,42,74
Somerset,42,86
Sullivan,42,10
Susquehanna,42,195
Tioga,42,31
Union,42,108
Venango,42,49
Warren,42,11
Washington,42,494
Wayne,42,143
Westmoreland,42,1054
Wyoming,42,48
York,42,1908
Bristol,44,256
Kent,44,1234
Newport,44,331
Providence,44,13144
Washington,44,538
Abbeville,45,165
Aiken,45,870
Allendale,45,92
Anderson,45,1177
Bamberg,45,223
Barnwell,45,155
Beaufort,45,2171
Berkeley,45,2512
Calhoun,45,175
Charleston,45,8461
Cherokee,45,283
Chester,45,305
Chesterfield,45,476
Clarendon,45,521
Colleton,45,519
Darlington,45,610
Dillon,45,407
Dorchester,45,1713
Edgefield,45,141
Fairfield,45,384
Florence,45,1756
Georgetown,45,914
Greenville,45,7623
Greenwood,45,866
Hampton,45,122
Horry,45,6241
Jasper,45,291
Kershaw,45,897
Lancaster,45,668
Laurens,45,819
Lee,45,356
Lexington,45,3197
McCormick,45,56
Marion,45,344
Marlboro,45,345
Newberry,45,462
Oconee,45,474
Orangeburg,45,1300
Pickens,45,1251
Richland,45,5334
Saluda,45,303
Spartanburg,45,2745
Sumter,45,1580
Union,45,170
Williamsburg,45,538
York,45,2059
Aurora,46,34
Beadle,46,557
Bennett,46,4
Bon Homme,46,13
Brookings,46,96
Brown,46,362
Brule,46,34
Buffalo,46,86
Butte,46,3
Campbell,46,1
Charles Mix,46,98
Clark,46,16
Clay,46,94
Codington,46,96
Corson,46,22
Custer,46,11
Davison,46,57
Day,46,19
Deuel,46,5
Dewey,46,38
Douglas,46,10
Edmunds,46,9
Fall River,46,13
Faulk,46,24
Grant,46,17
Gregory,46,6
Haakon,46,1
Hamlin,46,13
Hand,46,7
Hanson,46,14
Harding,46,0
Hughes,46,73
Hutchinson,46,18
Hyde,46,3
Jackson,46,7
Jerauld,46,39
Jones,46,1
Kingsbury,46,8
Lake,46,41
Lawrence,46,21
Lincoln,46,404
Lyman,46,82
McCook,46,19
McPherson,46,6
Marshall,46,5
Meade,46,54
Mellette,46,10
Miner,46,10
Minnehaha,46,3796
Moody,46,24
Oglala Lakota,46,118
Pennington,46,674
Perkins,46,1
Potter,46,0
Roberts,46,59
Sanborn,46,12
Shannon,46,0
Spink,46,14
Stanley,46,14
Sully,46,1
Todd,46,65
Tripp,46,19
Turner,46,30
Union,46,156
Walworth,46,16
Yankton,46,88
Ziebach,46,3
Anderson,47,236
Bedford,47,646
Benton,47,24
Bledsoe,47,634
Blount,47,381
Bradley,47,1096
Campbell,47,77
Cannon,47,65
Carroll,47,63
Carter,47,128
Cheatham,47,311
Chester,47,91
Claiborne,47,86
Clay,47,28
Cocke,47,175
Coffee,47,162
Crockett,47,75
Cumberland,47,241
Davidson,47,14550
Decatur,47,44
DeKalb,47,119
Dickson,47,308
Dyer,47,326
Fayette,47,404
Fentress,47,35
Franklin,47,127
Gibson,47,237
Giles,47,143
Grainger,47,65
Greene,47,173
Grundy,47,68
Hamblen,47,551
Hamilton,47,3721
Hancock,47,15
Hardeman,47,480
Hardin,47,154
Hawkins,47,103
Haywood,47,155
Henderson,47,114
Henry,47,57
Hickman,47,118
Houston,47,25
Humphreys,47,53
Jackson,47,62
Jefferson,47,219
Johnson,47,48
Knox,47,1915
Lake,47,698
Lauderdale,47,218
Lawrence,47,262
Lewis,47,13
Lincoln,47,111
Loudon,47,353
McMinn,47,313
McNairy,47,138
Macon,47,670
Madison,47,409
Marion,47,104
Marshall,47,141
Maury,47,529
Meigs,47,40
Monroe,47,162
Montgomery,47,906
Moore,47,26
Morgan,47,37
Obion,47,144
Overton,47,86
Perry,47,45
Pickett,47,8
Polk,47,61
Putnam,47,1108
Rhea,47,362
Roane,47,100
Robertson,47,1010
Rutherford,47,3944
Scott,47,31
Sequatchie,47,54
Sevier,47,978
Shelby,47,14891
Smith,47,202
Stewart,47,34
Sullivan,47,290
Sumner,47,2189
Tipton,47,740
Trousdale,47,1516
Unicoi,47,61
Union,47,31
Van Buren,47,14
Warren,47,183
Washington,47,321
Wayne,47,130
Weakley,47,87
White,47,116
Williamson,47,2119
Wilson,47,1338
Anderson,48,1944
Andrews,48,174
Angelina,48,834
Aransas,48,65
Archer,48,12
Armstrong,48,3
Atascosa,48,289
Austin,48,141
Bailey,48,112
Bandera,48,46
Bastrop,48,862
Baylor,48,1
Bee,48,173
Bell,48,2396
Bexar,48,17458
Blanco,48,57
Borden,48,0
Bosque,48,43
Bowie,48,536
Brazoria,48,3988
Brazos,48,3120
Brewster,48,159
Briscoe,48,9
Brooks,48,45
Brown,48,240
Burleson,48,156
Burnet,48,278
Caldwell,48,749
Calhoun,48,177
Callahan,48,28
Cameron,48,4590
Camp,48,144
Carson,48,10
Cass,48,72
Castro,48,130
Chambers,48,618
Cherokee,48,417
Childress,48,7
Clay,48,19
Cochran,48,8
Coke,48,5
Coleman,48,5
Collin,48,4800
Collingsworth,48,6
Colorado,48,182
Comal,48,1077
Comanche,48,34
Concho,48,15
Cooke,48,100
Coryell,48,418
Cottle,48,4
Crane,48,64
Crockett,48,41
Crosby,48,35
Culberson,48,7
Dallam,48,129
Dallas,48,35914
Dawson,48,94
Deaf Smith,48,424
Delta,48,9
Denton,48,4316
DeWitt,48,188
Dickens,48,2
Dimmit,48,39
Donley,48,33
Duval,48,89
Eastland,48,20
Ector,48,1370
Edwards,48,10
Ellis,48,1811
El Paso,48,10298
Erath,48,257
Falls,48,57
Fannin,48,150
Fayette,48,179
Fisher,48,16
Floyd,48,61
Foard,48,1
Fort Bend,48,5211
Franklin,48,61
Freestone,48,83
Frio,48,341
Gaines,48,46
Galveston,48,6307
Garza,48,39
Gillespie,48,70
Glasscock,48,6
Goliad,48,33
Gonzales,48,355
Gray,48,135
Grayson,48,771
Gregg,48,889
Grimes,48,691
Guadalupe,48,1115
Hale,48,808
Hall,48,2
Hamilton,48,39
Hansford,48,40
Hardeman,48,6
Hardin,48,488
Harris,48,49027
Harrison,48,458
Hartley,48,61
Haskell,48,17
Hays,48,3699
Hemphill,48,22
Henderson,48,335
Hidalgo,48,8197
Hill,48,177
Hockley,48,111
Hood,48,218
Hopkins,48,99
Houston,48,192
Howard,48,76
Hudspeth,48,18
Hunt,48,768
Hutchinson,48,84
Irion,48,3
Jack,48,13
Jackson,48,97
Jasper,48,88
Jeff Davis,48,6
Jefferson,48,3868
Jim Hogg,48,41
Jim Wells,48,350
Johnson,48,932
Jones,48,609
Karnes,48,90
Kaufman,48,1109
Kendall,48,106
Kenedy,48,3
Kent,48,1
Kerr,48,193
Kimble,48,9
King,48,0
Kinney,48,3
Kleberg,48,197
Knox,48,11
Lamar,48,418
Lamb,48,92
Lampasas,48,44
La Salle,48,87
Lavaca,48,351
Lee,48,103
Leon,48,104
Liberty,48,577
Limestone,48,110
Lipscomb,48,12
Live Oak,48,85
Llano,48,53
Loving,48,0
Lubbock,48,3823
Lynn,48,55
McCulloch,48,25
McLennan,48,2920
McMullen,48,1
Madison,48,158
Marion,48,64
Martin,48,28
Mason,48,36
Matagorda,48,392
Maverick,48,874
Medina,48,419
Menard,48,14
Midland,48,1266
Milam,48,187
Mills,48,7
Mitchell,48,27
Montague,48,32
Montgomery,48,3471
Moore,48,921
Morris,48,54
Motley,48,2
Nacogdoches,48,633
Navarro,48,486
Newton,48,26
Nolan,48,71
Nueces,48,7032
Ochiltree,48,62
Oldham,48,4
Orange,48,498
Palo Pinto,48,79
Panola,48,234
Parker,48,665
Parmer,48,236
Pecos,48,151
Polk,48,380
Potter,48,3081
Presidio,48,28
Rains,48,21
Randall,48,1133
Reagan,48,39
Real,48,6
Red River,48,123
Reeves,48,82
Refugio,48,56
Roberts,48,6
Robertson,48,124
Rockwall,48,505
Runnels,48,28
Rusk,48,263
Sabine,48,34
San Augustine,48,130
San Jacinto,48,109
San Patricio,48,352
San Saba,48,9
Schleicher,48,25
Scurry,48,350
Shackelford,48,9
Shelby,48,312
Sherman,48,33
Smith,48,1499
Somervell,48,30
Starr,48,1061
Stephens,48,16
Sterling,48,0
Stonewall,48,0
Sutton,48,26
Swisher,48,60
Tarrant,48,19014
Taylor,48,794
Terrell,48,2
Terry,48,59
Throckmorton,48,2
Titus,48,919
Tom Green,48,1135
Travis,48,15998
Trinity,48,84
Tyler,48,45
Upshur,48,109
Upton,48,10
Uvalde,48,261
Val Verde,48,657
Van Zandt,48,216
Victoria,48,1991
Walker,48,2495
Waller,48,269
Ward,48,55
Washington,48,367
Webb,48,3211
Wharton,48,368
Wheeler,48,22
Wichita,48,648
Wilbarger,48,20
Willacy,48,410
Williamson,48,4153
Wilson,48,220
Winkler,48,47
Wise,48,210
Wood,48,154
Yoakum,48,44
Young,48,64
Zapata,48,103
Zavala,48,70
Beaver,49,12
Box Elder,49,240
Cache,49,1620
Carbon,49,21
Daggett,49,0
Davis,49,2016
Duchesne,49,30
Emery,49,10
Garfield,49,20
Grand,49,28
Iron,49,391
Juab,49,42
Kane,49,26
Millard,49,90
Morgan,49,34
Piute,49,4
Rich,49,4
Salt Lake,49,15306
San Juan,49,489
Sanpete,49,75
Sevier,49,63
Summit,49,597
Tooele,49,370
Uintah,49,46
Utah,49,5637
Wasatch,49,465
Washington,49,1709
Wayne,49,0
Weber,49,1749
Addison,50,70
Bennington,50,76
Caledonia,50,23
Chittenden,50,667
Essex,50,5
Franklin,50,110
Grand Isle,50,13
Lamoille,50,40
Orange,50,10
Orleans,50,14
Rutland,50,78
Washington,50,44
Windham,50,99
Windsor,50,64
Accomack,51,1045
Albemarle,51,583
Alleghany,51,53
Amelia,51,55
Amherst,51,42
Appomattox,51,48
Arlington,51,2677
Augusta,51,218
Bath,51,1
Bedford,51,174
Bland,51,3
Botetourt,51,161
Brunswick,51,143
Buchanan,51,48
Buckingham,51,577
Campbell,51,70
Caroline,51,147
Carroll,51,263
Charles City,51,42
Charlotte,51,38
Chesterfield,51,3324
Clarke,51,61
Craig,51,9
Culpeper,51,872
Cumberland,51,60
Dickenson,51,7
Dinwiddie,51,162
Essex,51,66
Fairfax,51,14653
Fauquier,51,498
Floyd,51,25
Fluvanna,51,139
Franklin,51,115
Frederick,51,565
Giles,51,18
Gloucester,51,79
Goochland,51,135
Grayson,51,95
Greene,51,88
Greensville,51,384
Halifax,51,89
Hanover,51,491
Henrico,51,2947
Henry,51,381
Highland,51,3
Isle of Wight,51,240
James City,51,388
King and Queen,51,31
King George,51,105
King William,51,59
Lancaster,51,22
Lee,51,26
Loudoun,51,4519
Louisa,51,143
Lunenburg,51,42
Madison,51,48
Matthews,51,7
Mecklenburg,51,267
Middlesex,51,18
Montgomery,51,201
Nelson,51,27
New Kent,51,76
Northampton,51,275
Northumberland,51,47
Nottoway,51,135
Orange,51,167
Page,51,309
Patrick,51,52
Pittsylvania,51,187
Powhatan,51,100
Prince Edward,51,238
Prince George,51,276
Prince William,51,7947
Pulaski,51,55
Rappahannock,51,33
Richmond,51,309
Roanoke,51,342
Rockbridge,51,41
Rockingham,51,803
Russell,51,26
Scott,51,17
Shenandoah,51,619
Smyth,51,46
Southampton,51,186
Spotsylvania,51,1094
Stafford,51,1085
Surry,51,21
Sussex,51,219
Tazewell,51,34
Warren,51,317
Washington,51,90
Westmoreland,51,186
Wise,51,48
Wythe,51,62
York,51,180
Alexandria,51,2486
Bristol,51,14
Buena,51,25
Charlottesville,51,318
Chesapeake,51,1441
Colonial Heights,51,163
Covington,51,5
Danville,51,148
Emporia,51,146
Fairfax,51,74
Falls Church,51,54
Franklin,51,80
Fredericksburg,51,288
Galax,51,292
Hampton,51,592
Harrisonburg,51,996
Hopewell,51,212
Lexington,51,20
Lynchburg,51,200
Manassas,51,1497
Manassas Park,51,463
Martinsville,51,123
Newport News,51,900
Norfolk,51,1742
Norton,51,4
Petersburg,51,348
Poquoson,51,23
Portsmouth,51,794
Radford,51,18
Richmond,51,2473
Roanoke,51,612
Salem,51,100
Staunton,51,106
Suffolk,51,633
Virginia Beach,51,2137
Waynesboro,51,129
Williamsburg,51,87
Winchester,51,361
Adams,53,252
Asotin,53,21
Benton,53,2622
Chelan,53,611
Clallam,53,62
Clark,53,1125
Columbia,53,9
Cowlitz,53,311
Douglas,53,407
Ferry,53,4
Franklin,53,2550
Garfield,53,2
Grant,53,873
Grays Harbor,53,56
Island,53,209
Jefferson,53,50
King,53,12325
Kitsap,53,316
Kittitas,53,200
Klickitat,53,79
Lewis,53,108
Lincoln,53,4
Mason,53,66
Okanogan,53,242
Pacific,53,18
Pend Oreille,53,13
Pierce,53,3395
San Juan,53,22
Skagit,53,644
Skamania,53,36
Snohomish,53,4122
Spokane,53,2276
Stevens,53,30
Thurston,53,394
Wahkiakum,53,5
Walla Walla,53,244
Whatcom,53,732
Whitman,53,48
Yakima,53,8436
Barbour,54,23
Berkeley,54,550
Boone,54,46
Braxton,54,5
Brooke,54,33
Cabell,54,204
Calhoun,54,4
Clay,54,13
Doddridge,54,0
Fayette,54,89
Gilmer,54,13
Grant,54,21
Greenbrier,54,74
Hampshire,54,45
Hancock,54,50
Hardy,54,48
Harrison,54,131
Jackson,54,148
Jefferson,54,261
Kanawha,54,454
Lewis,54,24
Lincoln,54,12
Logan,54,41
McDowell,54,12
Marion,54,119
Marshall,54,72
Mason,54,26
Mercer,54,67
Mineral,54,70
Mingo,54,36
Monongalia,54,638
Monroe,54,15
Morgan,54,20
Nicholas,54,20
Ohio,54,158
Pendleton,54,18
Pleasants,54,5
Pocahontas,54,38
Preston,54,107
Putnam,54,94
Raleigh,54,86
Randolph,54,194
Ritchie,54,2
Roane,54,12
Summers,54,2
Taylor,54,23
Tucker,54,7
Tyler,54,10
Upshur,54,33
Wayne,54,137
Webster,54,1
Wetzel,54,38
Wirt,54,6
Wood,54,195
Wyoming,54,7
Adams,55,45
Ashland,55,8
Barron,55,54
Bayfield,55,11
Brown,55,3348
Buffalo,55,21
Burnett,55,5
Calumet,55,165
Chippewa,55,145
Clark,55,121
Columbia,55,129
Crawford,55,46
Dane,55,3242
Dodge,55,537
Door,55,65
Douglas,55,64
Dunn,55,59
Eau Claire,55,351
Florence,55,5
Fond du Lac,55,405
Forest,55,49
Grant,55,223
Green,55,110
Green Lake,55,43
Iowa,55,47
Iron,55,21
Jackson,55,37
Jefferson,55,384
Juneau,55,59
Kenosha,55,1831
Kewaunee,55,86
La Crosse,55,618
Lafayette,55,84
Langlade,55,11
Lincoln,55,24
Manitowoc,55,167
Marathon,55,312
Marinette,55,126
Marquette,55,55
Menominee,55,10
Milwaukee,55,14679
Monroe,55,145
Oconto,55,101
Oneida,55,38
Outagamie,55,719
Ozaukee,55,340
Pepin,55,18
Pierce,55,113
Polk,55,74
Portage,55,260
Price,55,9
Racine,55,2418
Richland,55,17
Rock,55,1081
Rusk,55,12
St. Croix,55,297
Sauk,55,191
Sawyer,55,15
Shawano,55,104
Sheboygan,55,326
Taylor,55,25
Trempealeau,55,194
Vernon,55,42
Vilas,55,17
Walworth,55,815
Washburn,55,6
Washington,55,510
Waukesha,55,1878
Waupaca,55,196
Waushara,55,48
Winnebago,55,804
Wood,55,112
Albany,56,53
Big Horn,56,30
Campbell,56,93
Carbon,56,29
Converse,56,28
Crook,56,8
Fremont,56,407
Goshen,56,10
Hot Springs,56,12
Johnson,56,22
Laramie,56,357
Lincoln,56,43
Natrona,56,172
Niobrara,56,2
Park,56,88
Platte,56,4
Sheridan,56,36
Sublette,56,10
Sweetwater,56,157
Teton,56,170
Uinta,56,208
Washakie,56,43
Weston,56,3